-- MySQL dump 10.13  Distrib 8.0.42, for Linux (x86_64)
--
-- Host: localhost    Database: mapfintech_exercise
-- ------------------------------------------------------
-- Server version	8.0.42-0ubuntu0.22.04.2

/*!40101 SET @OLD_CHARACTER_SET_CLIENT=@@CHARACTER_SET_CLIENT */;
/*!40101 SET @OLD_CHARACTER_SET_RESULTS=@@CHARACTER_SET_RESULTS */;
/*!40101 SET @OLD_COLLATION_CONNECTION=@@COLLATION_CONNECTION */;
/*!50503 SET NAMES utf8mb4 */;
/*!40103 SET @OLD_TIME_ZONE=@@TIME_ZONE */;
/*!40103 SET TIME_ZONE='+00:00' */;
/*!40014 SET @OLD_UNIQUE_CHECKS=@@UNIQUE_CHECKS, UNIQUE_CHECKS=0 */;
/*!40014 SET @OLD_FOREIGN_KEY_CHECKS=@@FOREIGN_KEY_CHECKS, FOREIGN_KEY_CHECKS=0 */;
/*!40101 SET @OLD_SQL_MODE=@@SQL_MODE, SQL_MODE='NO_AUTO_VALUE_ON_ZERO' */;
/*!40111 SET @OLD_SQL_NOTES=@@SQL_NOTES, SQL_NOTES=0 */;

--
-- Table structure for table `Continent`
--

DROP TABLE IF EXISTS `Continent`;
/*!40101 SET @saved_cs_client     = @@character_set_client */;
/*!50503 SET character_set_client = utf8mb4 */;
CREATE TABLE `Continent` (
  `continent_id` int NOT NULL AUTO_INCREMENT,
  `continent_name` varchar(50) NOT NULL,
  PRIMARY KEY (`continent_id`)
) ENGINE=InnoDB AUTO_INCREMENT=9 DEFAULT CHARSET=utf8mb4 COLLATE=utf8mb4_0900_ai_ci;
/*!40101 SET character_set_client = @saved_cs_client */;

--
-- Dumping data for table `Continent`
--

LOCK TABLES `Continent` WRITE;
/*!40000 ALTER TABLE `Continent` DISABLE KEYS */;
INSERT INTO `Continent` VALUES (1,'America'),(2,'Europe'),(3,'Asia'),(4,'Australia'),(5,'America'),(6,'Europe'),(7,'Asia'),(8,'Australia');
/*!40000 ALTER TABLE `Continent` ENABLE KEYS */;
UNLOCK TABLES;

--
-- Table structure for table `Product`
--

DROP TABLE IF EXISTS `Product`;
/*!40101 SET @saved_cs_client     = @@character_set_client */;
/*!50503 SET character_set_client = utf8mb4 */;
CREATE TABLE `Product` (
  `product_id` int NOT NULL AUTO_INCREMENT,
  `product_name` varchar(50) NOT NULL,
  PRIMARY KEY (`product_id`)
) ENGINE=InnoDB AUTO_INCREMENT=4 DEFAULT CHARSET=utf8mb4 COLLATE=utf8mb4_0900_ai_ci;
/*!40101 SET character_set_client = @saved_cs_client */;

--
-- Dumping data for table `Product`
--

LOCK TABLES `Product` WRITE;
/*!40000 ALTER TABLE `Product` DISABLE KEYS */;
INSERT INTO `Product` VALUES (1,'A'),(2,'B'),(3,'C');
/*!40000 ALTER TABLE `Product` ENABLE KEYS */;
UNLOCK TABLES;

--
-- Table structure for table `Sales`
--

DROP TABLE IF EXISTS `Sales`;
/*!40101 SET @saved_cs_client     = @@character_set_client */;
/*!50503 SET character_set_client = utf8mb4 */;
CREATE TABLE `Sales` (
  `sale_id` int NOT NULL AUTO_INCREMENT,
  `product_id` int DEFAULT NULL,
  `continent_id` int DEFAULT NULL,
  `quarter` varchar(2) DEFAULT NULL,
  `year` int DEFAULT NULL,
  `sales_amount` decimal(10,2) DEFAULT NULL,
  PRIMARY KEY (`sale_id`),
  KEY `product_id` (`product_id`),
  KEY `continent_id` (`continent_id`),
  CONSTRAINT `Sales_ibfk_1` FOREIGN KEY (`product_id`) REFERENCES `Product` (`product_id`),
  CONSTRAINT `Sales_ibfk_2` FOREIGN KEY (`continent_id`) REFERENCES `Continent` (`continent_id`)
) ENGINE=InnoDB AUTO_INCREMENT=253 DEFAULT CHARSET=utf8mb4 COLLATE=utf8mb4_0900_ai_ci;
/*!40101 SET character_set_client = @saved_cs_client */;

--
-- Dumping data for table `Sales`
--

LOCK TABLES `Sales` WRITE;
/*!40000 ALTER TABLE `Sales` DISABLE KEYS */;
INSERT INTO `Sales` VALUES (1,1,1,'Q1',2017,2233.00),(2,1,5,'Q1',2017,2233.00),(3,1,1,'Q2',2017,2883.00),(4,1,5,'Q2',2017,2883.00),(5,1,1,'Q1',2016,1448.00),(6,1,5,'Q1',2016,1448.00),(7,1,1,'Q2',2016,2395.00),(8,1,5,'Q2',2016,2395.00),(9,1,1,'Q3',2016,1162.00),(10,1,5,'Q3',2016,1162.00),(11,1,1,'Q4',2016,2346.00),(12,1,5,'Q4',2016,2346.00),(13,1,1,'Q1',2015,2054.00),(14,1,5,'Q1',2015,2054.00),(15,1,1,'Q2',2015,2492.00),(16,1,5,'Q2',2015,2492.00),(17,1,1,'Q3',2015,1798.00),(18,1,5,'Q3',2015,1798.00),(19,1,1,'Q4',2015,1164.00),(20,1,5,'Q4',2015,1164.00),(21,2,1,'Q1',2017,1464.00),(22,2,5,'Q1',2017,1464.00),(23,2,1,'Q2',2017,1326.00),(24,2,5,'Q2',2017,1326.00),(25,2,1,'Q1',2016,1212.00),(26,2,5,'Q1',2016,1212.00),(27,2,1,'Q2',2016,2739.00),(28,2,5,'Q2',2016,2739.00),(29,2,1,'Q3',2016,1811.00),(30,2,5,'Q3',2016,1811.00),(31,2,1,'Q4',2016,2529.00),(32,2,5,'Q4',2016,2529.00),(33,2,1,'Q1',2015,1212.00),(34,2,5,'Q1',2015,1212.00),(35,2,1,'Q2',2015,2359.00),(36,2,5,'Q2',2015,2359.00),(37,2,1,'Q3',2015,2706.00),(38,2,5,'Q3',2015,2706.00),(39,2,1,'Q4',2015,1580.00),(40,2,5,'Q4',2015,1580.00),(41,3,1,'Q1',2017,1758.00),(42,3,5,'Q1',2017,1758.00),(43,3,1,'Q2',2017,2491.00),(44,3,5,'Q2',2017,2491.00),(45,3,1,'Q1',2016,2793.00),(46,3,5,'Q1',2016,2793.00),(47,3,1,'Q2',2016,1428.00),(48,3,5,'Q2',2016,1428.00),(49,3,1,'Q3',2016,1826.00),(50,3,5,'Q3',2016,1826.00),(51,3,1,'Q4',2016,2190.00),(52,3,5,'Q4',2016,2190.00),(53,3,1,'Q1',2015,2359.00),(54,3,5,'Q1',2015,2359.00),(55,3,1,'Q2',2015,1879.00),(56,3,5,'Q2',2015,1879.00),(57,3,1,'Q3',2015,1089.00),(58,3,5,'Q3',2015,1089.00),(59,3,1,'Q4',2015,1156.00),(60,3,5,'Q4',2015,1156.00),(64,1,2,'Q1',2017,2683.00),(65,1,6,'Q1',2017,2683.00),(66,1,2,'Q2',2017,2659.00),(67,1,6,'Q2',2017,2659.00),(68,1,2,'Q1',2016,2931.00),(69,1,6,'Q1',2016,2931.00),(70,1,2,'Q2',2016,2891.00),(71,1,6,'Q2',2016,2891.00),(72,1,2,'Q3',2016,2291.00),(73,1,6,'Q3',2016,2291.00),(74,1,2,'Q4',2016,1092.00),(75,1,6,'Q4',2016,1092.00),(76,1,2,'Q1',2015,2366.00),(77,1,6,'Q1',2015,2366.00),(78,1,2,'Q2',2015,2100.00),(79,1,6,'Q2',2015,2100.00),(80,1,2,'Q3',2015,1946.00),(81,1,6,'Q3',2015,1946.00),(82,1,2,'Q4',2015,2603.00),(83,1,6,'Q4',2015,2603.00),(84,2,2,'Q1',2017,2381.00),(85,2,6,'Q1',2017,2381.00),(86,2,2,'Q2',2017,1355.00),(87,2,6,'Q2',2017,1355.00),(88,2,2,'Q1',2016,1946.00),(89,2,6,'Q1',2016,1946.00),(90,2,2,'Q2',2016,2382.00),(91,2,6,'Q2',2016,2382.00),(92,2,2,'Q3',2016,2239.00),(93,2,6,'Q3',2016,2239.00),(94,2,2,'Q4',2016,2483.00),(95,2,6,'Q4',2016,2483.00),(96,2,2,'Q1',2015,1177.00),(97,2,6,'Q1',2015,1177.00),(98,2,2,'Q2',2015,2491.00),(99,2,6,'Q2',2015,2491.00),(100,2,2,'Q3',2015,1775.00),(101,2,6,'Q3',2015,1775.00),(102,2,2,'Q4',2015,2923.00),(103,2,6,'Q4',2015,2923.00),(104,3,2,'Q1',2017,2196.00),(105,3,6,'Q1',2017,2196.00),(106,3,2,'Q2',2017,2954.00),(107,3,6,'Q2',2017,2954.00),(108,3,2,'Q1',2016,1895.00),(109,3,6,'Q1',2016,1895.00),(110,3,2,'Q2',2016,2234.00),(111,3,6,'Q2',2016,2234.00),(112,3,2,'Q3',2016,2786.00),(113,3,6,'Q3',2016,2786.00),(114,3,2,'Q4',2016,1847.00),(115,3,6,'Q4',2016,1847.00),(116,3,2,'Q1',2015,2722.00),(117,3,6,'Q1',2015,2722.00),(118,3,2,'Q2',2015,2108.00),(119,3,6,'Q2',2015,2108.00),(120,3,2,'Q3',2015,1327.00),(121,3,6,'Q3',2015,1327.00),(122,3,2,'Q4',2015,1075.00),(123,3,6,'Q4',2015,1075.00),(127,1,3,'Q1',2017,2582.00),(128,1,7,'Q1',2017,2582.00),(129,1,3,'Q2',2017,2439.00),(130,1,7,'Q2',2017,2439.00),(131,1,3,'Q1',2016,1594.00),(132,1,7,'Q1',2016,1594.00),(133,1,3,'Q2',2016,2878.00),(134,1,7,'Q2',2016,2878.00),(135,1,3,'Q3',2016,1100.00),(136,1,7,'Q3',2016,1100.00),(137,1,3,'Q4',2016,1557.00),(138,1,7,'Q4',2016,1557.00),(139,1,3,'Q1',2015,2565.00),(140,1,7,'Q1',2015,2565.00),(141,1,3,'Q2',2015,2760.00),(142,1,7,'Q2',2015,2760.00),(143,1,3,'Q3',2015,1379.00),(144,1,7,'Q3',2015,1379.00),(145,1,3,'Q4',2015,1745.00),(146,1,7,'Q4',2015,1745.00),(147,2,3,'Q1',2017,2757.00),(148,2,7,'Q1',2017,2757.00),(149,2,3,'Q2',2017,1301.00),(150,2,7,'Q2',2017,1301.00),(151,2,3,'Q1',2016,2900.00),(152,2,7,'Q1',2016,2900.00),(153,2,3,'Q2',2016,2087.00),(154,2,7,'Q2',2016,2087.00),(155,2,3,'Q3',2016,2183.00),(156,2,7,'Q3',2016,2183.00),(157,2,3,'Q4',2016,1286.00),(158,2,7,'Q4',2016,1286.00),(159,2,3,'Q1',2015,2648.00),(160,2,7,'Q1',2015,2648.00),(161,2,3,'Q2',2015,1860.00),(162,2,7,'Q2',2015,1860.00),(163,2,3,'Q3',2015,1481.00),(164,2,7,'Q3',2015,1481.00),(165,2,3,'Q4',2015,2227.00),(166,2,7,'Q4',2015,2227.00),(167,3,3,'Q1',2017,1145.00),(168,3,7,'Q1',2017,1145.00),(169,3,3,'Q2',2017,2001.00),(170,3,7,'Q2',2017,2001.00),(171,3,3,'Q1',2016,1858.00),(172,3,7,'Q1',2016,1858.00),(173,3,3,'Q2',2016,1481.00),(174,3,7,'Q2',2016,1481.00),(175,3,3,'Q3',2016,2439.00),(176,3,7,'Q3',2016,2439.00),(177,3,3,'Q4',2016,1994.00),(178,3,7,'Q4',2016,1994.00),(179,3,3,'Q1',2015,1212.00),(180,3,7,'Q1',2015,1212.00),(181,3,3,'Q2',2015,1872.00),(182,3,7,'Q2',2015,1872.00),(183,3,3,'Q3',2015,2031.00),(184,3,7,'Q3',2015,2031.00),(185,3,3,'Q4',2015,1797.00),(186,3,7,'Q4',2015,1797.00),(190,1,4,'Q1',2017,2991.00),(191,1,8,'Q1',2017,2991.00),(192,1,4,'Q2',2017,1663.00),(193,1,8,'Q2',2017,1663.00),(194,1,4,'Q1',2016,2489.00),(195,1,8,'Q1',2016,2489.00),(196,1,4,'Q2',2016,1772.00),(197,1,8,'Q2',2016,1772.00),(198,1,4,'Q3',2016,1077.00),(199,1,8,'Q3',2016,1077.00),(200,1,4,'Q4',2016,1692.00),(201,1,8,'Q4',2016,1692.00),(202,1,4,'Q1',2015,1105.00),(203,1,8,'Q1',2015,1105.00),(204,1,4,'Q2',2015,1972.00),(205,1,8,'Q2',2015,1972.00),(206,1,4,'Q3',2015,2211.00),(207,1,8,'Q3',2015,2211.00),(208,1,4,'Q4',2015,1128.00),(209,1,8,'Q4',2015,1128.00),(210,2,4,'Q1',2017,2623.00),(211,2,8,'Q1',2017,2623.00),(212,2,4,'Q2',2017,1334.00),(213,2,8,'Q2',2017,1334.00),(214,2,4,'Q1',2016,1853.00),(215,2,8,'Q1',2016,1853.00),(216,2,4,'Q2',2016,1118.00),(217,2,8,'Q2',2016,1118.00),(218,2,4,'Q3',2016,2646.00),(219,2,8,'Q3',2016,2646.00),(220,2,4,'Q4',2016,2341.00),(221,2,8,'Q4',2016,2341.00),(222,2,4,'Q1',2015,2506.00),(223,2,8,'Q1',2015,2506.00),(224,2,4,'Q2',2015,1473.00),(225,2,8,'Q2',2015,1473.00),(226,2,4,'Q3',2015,1430.00),(227,2,8,'Q3',2015,1430.00),(228,2,4,'Q4',2015,2010.00),(229,2,8,'Q4',2015,2010.00),(230,3,4,'Q1',2017,1304.00),(231,3,8,'Q1',2017,1304.00),(232,3,4,'Q2',2017,1196.00),(233,3,8,'Q2',2017,1196.00),(234,3,4,'Q1',2016,2522.00),(235,3,8,'Q1',2016,2522.00),(236,3,4,'Q2',2016,1476.00),(237,3,8,'Q2',2016,1476.00),(238,3,4,'Q3',2016,1276.00),(239,3,8,'Q3',2016,1276.00),(240,3,4,'Q4',2016,1376.00),(241,3,8,'Q4',2016,1376.00),(242,3,4,'Q1',2015,1575.00),(243,3,8,'Q1',2015,1575.00),(244,3,4,'Q2',2015,1349.00),(245,3,8,'Q2',2015,1349.00),(246,3,4,'Q3',2015,2807.00),(247,3,8,'Q3',2015,2807.00),(248,3,4,'Q4',2015,2525.00),(249,3,8,'Q4',2015,2525.00);
/*!40000 ALTER TABLE `Sales` ENABLE KEYS */;
UNLOCK TABLES;

--
-- Table structure for table `TempSales`
--

DROP TABLE IF EXISTS `TempSales`;
/*!40101 SET @saved_cs_client     = @@character_set_client */;
/*!50503 SET character_set_client = utf8mb4 */;
CREATE TABLE `TempSales` (
  `SKU` int DEFAULT NULL,
  `Product` varchar(50) DEFAULT NULL,
  `Quarter` int DEFAULT NULL,
  `Year` int DEFAULT NULL,
  `America` decimal(10,2) DEFAULT NULL,
  `Europe` decimal(10,2) DEFAULT NULL,
  `Asia` decimal(10,2) DEFAULT NULL,
  `Australia` decimal(10,2) DEFAULT NULL
) ENGINE=InnoDB DEFAULT CHARSET=utf8mb4 COLLATE=utf8mb4_0900_ai_ci;
/*!40101 SET character_set_client = @saved_cs_client */;

--
-- Dumping data for table `TempSales`
--

LOCK TABLES `TempSales` WRITE;
/*!40000 ALTER TABLE `TempSales` DISABLE KEYS */;
INSERT INTO `TempSales` VALUES (1752,'A',1,2017,2233.00,2683.00,2582.00,2991.00),(1752,'A',2,2017,2883.00,2659.00,2439.00,1663.00),(1752,'A',1,2016,1448.00,2931.00,1594.00,2489.00),(1752,'A',2,2016,2395.00,2891.00,2878.00,1772.00),(1752,'A',3,2016,1162.00,2291.00,1100.00,1077.00),(1752,'A',4,2016,2346.00,1092.00,1557.00,1692.00),(1752,'A',1,2015,2054.00,2366.00,2565.00,1105.00),(1752,'A',2,2015,2492.00,2100.00,2760.00,1972.00),(1752,'A',3,2015,1798.00,1946.00,1379.00,2211.00),(1752,'A',4,2015,1164.00,2603.00,1745.00,1128.00),(2945,'B',1,2017,1464.00,2381.00,2757.00,2623.00),(2945,'B',2,2017,1326.00,1355.00,1301.00,1334.00),(2945,'B',1,2016,1212.00,1946.00,2900.00,1853.00),(2945,'B',2,2016,2739.00,2382.00,2087.00,1118.00),(2945,'B',3,2016,1811.00,2239.00,2183.00,2646.00),(2945,'B',4,2016,2529.00,2483.00,1286.00,2341.00),(2945,'B',1,2015,1212.00,1177.00,2648.00,2506.00),(2945,'B',2,2015,2359.00,2491.00,1860.00,1473.00),(2945,'B',3,2015,2706.00,1775.00,1481.00,1430.00),(2945,'B',4,2015,1580.00,2923.00,2227.00,2010.00),(1539,'C',1,2017,1758.00,2196.00,1145.00,1304.00),(1539,'C',2,2017,2491.00,2954.00,2001.00,1196.00),(1539,'C',1,2016,2793.00,1895.00,1858.00,2522.00),(1539,'C',2,2016,1428.00,2234.00,1481.00,1476.00),(1539,'C',3,2016,1826.00,2786.00,2439.00,1276.00),(1539,'C',4,2016,2190.00,1847.00,1994.00,1376.00),(1539,'C',1,2015,2359.00,2722.00,1212.00,1575.00),(1539,'C',2,2015,1879.00,2108.00,1872.00,1349.00),(1539,'C',3,2015,1089.00,1327.00,2031.00,2807.00),(1539,'C',4,2015,1156.00,1075.00,1797.00,2525.00);
/*!40000 ALTER TABLE `TempSales` ENABLE KEYS */;
UNLOCK TABLES;
/*!40103 SET TIME_ZONE=@OLD_TIME_ZONE */;

/*!40101 SET SQL_MODE=@OLD_SQL_MODE */;
/*!40014 SET FOREIGN_KEY_CHECKS=@OLD_FOREIGN_KEY_CHECKS */;
/*!40014 SET UNIQUE_CHECKS=@OLD_UNIQUE_CHECKS */;
/*!40101 SET CHARACTER_SET_CLIENT=@OLD_CHARACTER_SET_CLIENT */;
/*!40101 SET CHARACTER_SET_RESULTS=@OLD_CHARACTER_SET_RESULTS */;
/*!40101 SET COLLATION_CONNECTION=@OLD_COLLATION_CONNECTION */;
/*!40111 SET SQL_NOTES=@OLD_SQL_NOTES */;

-- Dump completed on 2025-07-27 12:49:18
